150 Anos de Santos Dumont,Pergunta 1,A
150 Anos de Santos Dumont,Pergunta 2,A
150 Anos de Santos Dumont,Pergunta 3,A
150 Anos de Santos Dumont,Pergunta 4,A
150 Anos de Santos Dumont,Pergunta 5,A
150 Anos de Santos Dumont,Pergunta 6,A
150 Anos de Santos Dumont,Pergunta 7,A
150 Anos de Santos Dumont,Pergunta 8,B
150 Anos de Santos Dumont,Pergunta 9,B
150 Anos de Santos Dumont,Pergunta 10,B
Profissao de Dublador Ameacada pela IA,Pergunta 1,B
Profissao de Dublador Ameacada pela IA,Pergunta 2,B
Profissao de Dublador Ameacada pela IA,Pergunta 3,B
Profissao de Dublador Ameacada pela IA,Pergunta 4,B
Profissao de Dublador Ameacada pela IA,Pergunta 5,A
Profissao de Dublador Ameacada pela IA,Pergunta 6,A
Profissao de Dublador Ameacada pela IA,Pergunta 7,A
Profissao de Dublador Ameacada pela IA,Pergunta 8,a
Profissao de Dublador Ameacada pela IA,Pergunta 9,a
Profissao de Dublador Ameacada pela IA,Pergunta 10,a
